{"cameraMode":{"drawMode":0,"name":"Shaded","section":"Shading Mode"},"sceneLighting":false,"audioPlay":false,"sceneViewState":{"showFog":true,"showMaterialUpdate":false,"showSkybox":false,"showFlares":true,"showImageEffects":true,"showParticleSystems":true},"in2DMode":false,"pivot":{"x":-3.6772425174713136,"y":4.081311225891113,"z":1.3052616119384766},"rotation":{"x":-0.27106383442878725,"y":-0.004330542404204607,"z":0.0012196825118735433,"w":-0.9625508785247803},"size":18238.55859375,"orthographic":false}